<?xml version="1.0" encoding="UTF-8"?>
<!DOCTYPE mapper PUBLIC "-//mybatis.org//DTD Mapper 3.0//EN" "http://mybatis.org/dtd/mybatis-3-mapper.dtd">

<mapper namespace="com.dao.HostelApplyDao">

	<!-- 可根据自己的需求，是否要使用 -->
    <resultMap type="com.entity.HostelApplyEntity" id="hostelApplyEntity">
        <result property="hostelNo" column="hostel_no"/>
        <result property="stuId" column="stu_id"/>
        <result property="crtTime" column="crt_time"/>
        <result property="applyType" column="apply_type"/>
        <result property="applyPro" column="apply_pro"/>
        <result property="applyTxt" column="apply_txt"/>
    </resultMap>

	<select id="selectListVO"
		resultType="com.entity.vo.HostelApplyVO" >
		SELECT * FROM hostel_apply  hostel_apply
        <where> 1=1 ${ew.sqlSegment}</where>
	</select>
	
	<select id="selectVO"
		resultType="com.entity.vo.HostelApplyVO" >
		SELECT  hostel_apply.* FROM hostel_apply  hostel_apply
 		<where> 1=1 ${ew.sqlSegment}</where>
	</select>

    <select id="selectListView"
		resultType="com.entity.view.HostelApplyView" >

		SELECT  hostel_apply.* FROM hostel_apply  hostel_apply
        <where> 1=1 ${ew.sqlSegment}</where>
	</select>
	
	<select id="selectView"
		resultType="com.entity.view.HostelApplyView" >
		SELECT * FROM hostel_apply  hostel_apply <where> 1=1 ${ew.sqlSegment}</where>
	</select>

	<update id="updatePro">
		update hostel_apply set apply_pro=#{param1},hostel_no=#{param3} where id=#{param2}
	</update>

	
</mapper>