<?xml version="1.0" encoding="UTF-8"?>
<!DOCTYPE mapper PUBLIC "-//mybatis.org//DTD Mapper 3.0//EN" "http://mybatis.org/dtd/mybatis-3-mapper.dtd">

<mapper namespace="com.dao.MessageInfoDao">

	<!-- 可根据自己的需求，是否要使用 -->
    <resultMap type="com.entity.MessageInfoEntity" id="messageInfoMap">
        <result property="sendId" column="send_id"/>
        <result property="accpetId" column="accpet_id"/>
        <result property="crtTime" column="crt_time"/>
        <result property="content" column="content"/>
    </resultMap>

	<select id="selectListVO"
		resultType="com.entity.vo.MessageInfoVO" >
		SELECT * FROM message_info  message_info
        <where> 1=1 ${ew.sqlSegment}</where>
	</select>
	
	<select id="selectVO"
		resultType="com.entity.vo.MessageInfoVO" >
		SELECT  message_info.* FROM message_info  message_info
 		<where> 1=1 ${ew.sqlSegment}</where>
	</select>

    <select id="selectListView"
		resultType="com.entity.view.MessageInfoView" >

		SELECT  message_info.*,u1.name sname,u2.name aname FROM message_info  message_info
		left join user_info u1 on u1.id=message_info.send_id
		left join user_info u2 on u2.id=message_info.accpet_id
        <where> 1=1 ${ew.sqlSegment}</where>
	</select>
	
	<select id="selectView"
		resultType="com.entity.view.MessageInfoView" >
		SELECT * FROM message_info  message_info <where> 1=1 ${ew.sqlSegment}</where>
	</select>
	
</mapper>