<?xml version="1.0" encoding="UTF-8"?>
<!DOCTYPE mapper PUBLIC "-//mybatis.org//DTD Mapper 3.0//EN" "http://mybatis.org/dtd/mybatis-3-mapper.dtd">

<mapper namespace="com.dao.NoticeInfoDao">

	<!-- 可根据自己的需求，是否要使用 -->
    <resultMap type="com.entity.NoticeInfoEntity" id="noticeInfoMap">
        <result property="title" column="title"/>
        <result property="releaseDate" column="release_date"/>
        <result property="crtTime" column="crt_time"/>
        <result property="content" column="content"/>
    </resultMap>

	<select id="selectListVO"
		resultType="com.entity.vo.NoticeInfoVO" >
		SELECT * FROM notice_info  notice_info
        <where> 1=1 ${ew.sqlSegment}</where>
	</select>
	
	<select id="selectVO"
		resultType="com.entity.vo.NoticeInfoVO" >
		SELECT  notice_info.* FROM notice_info  notice_info
 		<where> 1=1 ${ew.sqlSegment}</where>
	</select>

    <select id="selectListView"
		resultType="com.entity.view.NoticeInfoView" >

		SELECT  notice_info.* FROM notice_info  notice_info
        <where> 1=1 ${ew.sqlSegment}</where>
	</select>
	
	<select id="selectView"
		resultType="com.entity.view.NoticeInfoView" >
		SELECT * FROM notice_info  notice_info <where> 1=1 ${ew.sqlSegment}</where>
	</select>
	
</mapper>