<?xml version="1.0" encoding="UTF-8"?>
<!DOCTYPE mapper PUBLIC "-//mybatis.org//DTD Mapper 3.0//EN" "http://mybatis.org/dtd/mybatis-3-mapper.dtd">

<mapper namespace="com.dao.UserInfoDao">

	<!-- 可根据自己的需求，是否要使用 -->
    <resultMap type="com.entity.UserInfoEntity" id="userInfoMap">
        <result property="account" column="account"/>
        <result property="password" column="password"/>
        <result property="crtTime" column="crt_time"/>
        <result property="upTime" column="up_Time"/>
        <result property="name" column="name"/>
        <result property="phone" column="phone"/>
        <result property="userType" column="user_type"/>
    </resultMap>

	<select id="selectListVO"
		resultType="com.entity.vo.UserInfoVO" >
		SELECT * FROM user_info  user_info
        <where> 1=1 ${ew.sqlSegment}</where>
	</select>
	
	<select id="selectVO"
		resultType="com.entity.vo.UserInfoVO" >
		SELECT  user_info.* FROM user_info  user_info
 		<where> 1=1 ${ew.sqlSegment}</where>
	</select>

    <select id="selectListView"
		resultType="com.entity.view.UserInfoView" >

		SELECT  user_info.* FROM user_info  user_info
        <where> 1=1 ${ew.sqlSegment}</where>
	</select>
	
	<select id="selectView"
		resultType="com.entity.view.UserInfoView" >
		SELECT * FROM user_info  user_info <where> 1=1 ${ew.sqlSegment}</where>
	</select>
	
</mapper>